<?xml version="1.0"?>

<schema xmlns:xsi="http://www.w3.org/2001/XMLSchema-instance"
        xsi:noNamespaceSchemaLocation="urn:magento:framework:Setup/Declaration/Schema/etc/schema.xsd">
    <table name="ingredient_product" resource="default" engine="innodb" comment="Ingredient Product Table">
        <column xsi:type="smallint" name="ingredient_id" padding="6" unsigned="false" nullable="false" identity="true" comment="Ingredient ID"/>
        <column xsi:type="varchar" name="name" nullable="false" length="64" comment="Name"/>
        <column xsi:type="varchar" name="description" nullable="false" length="255" comment="Description"/>
        <column xsi:type="text" name="image" comment="Image"/>

        <constraint xsi:type="primary" referenceId="PRIMARY">
            <column name="ingredient_id"/>
        </constraint>
    </table>
</schema>