<?xml version="1.0" encoding="UTF-8"?>
<!-- declare to connect to database -->
<config xmlns:xsi="http://www.w3.org/2001/XMLSchema-instance" xsi:noNamespaceSchemaLocation="urn:magento:framework:ObjectManager/etc/config.xsd">
    <!-- connect deparrment model-->
    <virtualType name="DTN\Label\Model\ResourceModel\Label\Grid\Collection" type="Magento\Framework\View\Element\UiComponent\DataProvider\SearchResult">
        <arguments>
            <argument name="mainTable" xsi:type="string">product_label</argument>
            <argument name="resourceModel" xsi:type="string">DTN\Label\Model\ResourceModel\Label</argument>
        </arguments>
    </virtualType>

    <type name="Magento\Framework\View\Element\UiComponent\DataProvider\CollectionFactory">
        <arguments>
            <argument name="collections" xsi:type="array">
                <item name="label_listing_data_source" xsi:type="string">
                    DTN\Label\Model\ResourceModel\Label\Grid\Collection
                </item>
            </argument>
        </arguments>
    </type>

</config>