<?xml version="1.0"?>

<schema xmlns:xsi="http://www.w3.org/2001/XMLSchema-instance" xsi:noNamespaceSchemaLocation="urn:magento:framework:Setup/Declaration/Schema/etc/schema.xsd">
    <table name="employee_knock" resource="default" engine="innodb" comment="Employee Knock Table">
        <column xsi:type="smallint" name="entity_id" padding="6" unsigned="false" nullable="false" identity="true" comment="Entity ID"/>
        <column xsi:type="varchar" name="department" nullable="false" length="64" comment="Department"/>
        <column xsi:type="varchar" name="full_name" comment="Full Name"/>
        <column xsi:type="varchar" name="position" comment="Position"/>
        <column xsi:type="varchar" name="email" comment="Email"/>
        <column xsi:type="date" name="dob" comment="Dob"/>
        <column xsi:type="decimal" name="salary" comment="Salary"/>
        <constraint xsi:type="primary" referenceId="PRIMARY">
            <column name="entity_id"/>
        </constraint>
    </table>
</schema>